Offset-raw,filename,ConnSpanList
and,talk_1927_en,5130..5133
But,talk_1927_en,1531..1534
And,talk_1927_en,489..492
But,talk_1927_en,5359..5362
and,talk_1927_en,1271..1274
if,talk_1927_en,5448..5450
if,talk_1927_en,8934..8936
And,talk_1927_en,2283..2286
But,talk_1927_en,9525..9528
but,talk_1927_en,1871..1874
and,talk_1927_en,7191..7194
and,talk_1927_en,4008..4011
and,talk_1927_en,3505..3508
and,talk_1927_en,9321..9324
so,talk_1927_en,5852..5854
and,talk_1927_en,5616..5619
if,talk_1927_en,2733..2735
But,talk_1927_en,2415..2418
and,talk_1927_en,3683..3686
since,talk_1927_en,8735..8740
because,talk_1927_en,9420..9427
if,talk_1927_en,1554..1556
So,talk_1927_en,7290..7292
and,talk_1927_en,123..126
but,talk_1927_en,8591..8594
But,talk_1927_en,7331..7334
If,talk_1927_en,6894..6896
or,talk_1927_en,8886..8888
because,talk_1927_en,9641..9648
and,talk_1927_en,9205..9208
and,talk_1927_en,2778..2781
and,talk_1927_en,1348..1351
because,talk_1927_en,431..438
and,talk_1927_en,4273..4276
and,talk_1927_en,2457..2460
and,talk_1927_en,2631..2634
and,talk_1927_en,1083..1086
but,talk_1927_en,1226..1229
And,talk_1927_en,4826..4829
and,talk_1927_en,3582..3585
so,talk_1927_en,6750..6752
and,talk_1927_en,6661..6664
And,talk_1927_en,1826..1829
and,talk_1927_en,6114..6117
also,talk_1927_en,1912..1916
and,talk_1927_en,3726..3729
or,talk_1927_en,6777..6779
but,talk_1927_en,8731..8734
But,talk_1927_en,3142..3145
And,talk_1927_en,1320..1323
if,talk_1927_en,7883..7885
if,talk_1927_en,1485..1487
So,talk_1927_en,3229..3231
but,talk_1971_en,1889..1892
because,talk_1971_en,1023..1030
in fact,talk_1971_en,647..654
If,talk_1971_en,1619..1621
and,talk_1971_en,2770..2773
In short,talk_1971_en,2462..2470
As,talk_1971_en,427..429
then,talk_1971_en,2169..2173
and,talk_1971_en,1690..1693
and,talk_1971_en,1814..1817
then,talk_1971_en,2280..2284
And,talk_1971_en,1925..1928
when,talk_1971_en,1751..1755
As,talk_1971_en,752..754
and,talk_1971_en,1138..1141
However,talk_1971_en,220..227
and,talk_1976_en,3841..3844
if,talk_1976_en,5933..5935
and,talk_1976_en,4693..4696
but,talk_1976_en,1457..1460
but,talk_1976_en,2476..2479
If,talk_1976_en,6139..6141
when,talk_1976_en,795..799
and,talk_1976_en,3224..3227
If,talk_1976_en,4239..4241
but,talk_1976_en,5929..5932
if,talk_1976_en,5952..5954
So,talk_1976_en,2301..2303
and,talk_1976_en,4592..4595
and,talk_1976_en,4433..4436
and,talk_1976_en,1114..1117
and,talk_1976_en,4854..4857
and,talk_1976_en,1092..1095
and,talk_1976_en,1750..1753
and,talk_1976_en,3594..3597
and,talk_1976_en,5818..5821
then,talk_1976_en,4697..4701
if,talk_1976_en,5985..5987
and,talk_1976_en,3187..3190
But,talk_1976_en,1640..1643
because,talk_1976_en,3676..3683
And,talk_1976_en,3910..3913
because,talk_1976_en,3618..3625
and,talk_1976_en,4084..4087
but,talk_1976_en,4752..4755
and,talk_1976_en,2697..2700
so,talk_1976_en,2860..2862
but,talk_1976_en,625..628
Then,talk_1976_en,5004..5008
because,talk_1976_en,6812..6819
as,talk_1976_en,822..824
so,talk_1976_en,4022..4024
and,talk_1976_en,516..519
because,talk_1976_en,1226..1233
and,talk_1976_en,1941..1944
But,talk_1976_en,3936..3939
and,talk_1976_en,4346..4349
If,talk_1978_en,7048..7050
in fact,talk_1978_en,663..670
when,talk_1978_en,9350..9354
but,talk_1978_en,6021..6024
though,talk_1978_en,3306..3312
because,talk_1978_en,8428..8435
but,talk_1978_en,1734..1737
But,talk_1978_en,3023..3026
as,talk_1978_en,1949..1951
and,talk_1978_en,4457..4460
and,talk_1978_en,4872..4875
when,talk_1978_en,1163..1167
And,talk_1978_en,2408..2411
But,talk_1978_en,958..961
And,talk_1978_en,1703..1706
then,talk_1978_en,2341..2345
but,talk_1978_en,4013..4016
and,talk_1978_en,2447..2450
then,talk_1978_en,2360..2364
but,talk_1978_en,7771..7774
but,talk_1978_en,9520..9523
because,talk_1978_en,5688..5695
and,talk_1978_en,7505..7508
if,talk_1978_en,7161..7163
and,talk_1978_en,2320..2323
when,talk_1978_en,4263..4267
when,talk_1978_en,5886..5890
And,talk_1978_en,2220..2223
But,talk_1978_en,7157..7160
and,talk_1978_en,5953..5956
If,talk_1978_en,485..487
and,talk_1978_en,2039..2042
while,talk_1978_en,3658..3663
and,talk_1978_en,1559..1562
because,talk_1978_en,7963..7970
and,talk_1978_en,4181..4184
And,talk_1978_en,7271..7274
and,talk_1978_en,744..747
then,talk_1978_en,2324..2328
because,talk_1978_en,3036..3043
but,talk_1978_en,897..900
as,talk_1978_en,1507..1509
as,talk_1978_en,8561..8563
if,talk_1978_en,3226..3228
as,talk_1978_en,1755..1757
because,talk_1978_en,774..781
because,talk_1978_en,8495..8502
and,talk_1978_en,8075..8078
And,talk_2009_en,347..350
But,talk_2009_en,2709..2712
because,talk_2009_en,3233..3240
Until,talk_2009_en,3711..3716
but,talk_2009_en,3654..3657
But,talk_2009_en,755..758
but,talk_2009_en,562..565
but,talk_2009_en,1230..1233
and,talk_2009_en,2903..2906
and,talk_2009_en,1266..1269
so that,talk_2009_en,3790..3797
also,talk_2150_en_inter,3921..3925
So,talk_2150_en_inter,2461..2463
But,talk_2150_en_inter,1553..1556
And,talk_2150_en_inter,2880..2883
So,talk_2150_en_inter,5102..5104
But,talk_2150_en_inter,3571..3574
though,talk_2150_en_inter,2477..2483
So,talk_2150_en_inter,3944..3946
also,talk_2150_en_inter,3584..3588
And,talk_2150_en_inter,3882..3885
but,talk_2150_en_intra,304..307
and,talk_2150_en_intra,672..675
and,talk_2150_en_intra,357..360
and,talk_2150_en_intra,4072..4075
but,talk_2150_en_intra,1253..1256
and,talk_2150_en_intra,2260..2263
and,talk_2150_en_intra,5353..5356
and,talk_2150_en_intra,3043..3046
and,talk_2150_en_intra,550..553
but,talk_2150_en_intra,5562..5565
and,talk_2150_en_intra,5651..5654
and,talk_2150_en_intra,2698..2701
and,talk_2150_en_intra,1435..1438
if,talk_2150_en_intra,5105..5107
and,talk_2150_en_intra,3221..3224
or,talk_2150_en_intra,241..243
and,talk_2150_en_intra,3807..3810
because,talk_2150_en_intra,1147..1154
and,talk_2150_en_intra,4509..4512
and,talk_2150_en_intra,2980..2983
if,talk_2150_en_intra,4547..4549
also,talk_2150_en_intra,815..819
but,talk_2150_en_intra,4026..4029
also,talk_2150_en_intra,2143..2147
When,talk_2150_en_intra,92..96
and,talk_2150_en_intra,1824..1827
and,talk_2150_en_intra,806..809
and,talk_2150_en_intra,1647..1650
if,talk_2150_en_intra,5372..5374
